tweet	sarcastic
The lone thing I got from college is a caffein dependence 	1
I love it when professor draw a big inquiry grade following to my reply on an examination because Iâ€™m ever like yea I donâ€™t either Â¯\_(ãƒ„)_/Â¯ 	1
remember the 100 email from company when Covid begin acquiring real? Iâ€™ve get 3 in respect to support for protest. And lone @SavageXFenty share helpful links and really state blackness life affair... we love capitalism ğŸ¥°ğŸ™ŒğŸ¼ 	1
today my pop-pop state me I was not â€œcoerceâ€ to go to college ğŸ™ƒ OK certain sureeee 	1
@VolphanCarol @littlewhitty @mysticalmanatee I did too, and I besides report Cancun Cruz not badgering astir the pulse of his component without electricity or heat when he flee to Mexico. 	1
@jimrossignol I take to construe it as ``XD'': the universal emoticon for laugh at those poor, poor folks in Ubisoft's selling section who have to trade with that stigmatization until the waiter softly close down 8 month after launch. 	1
Why would Alexa's formula for Yorkshire pudding be a bhaji Yorkshire pudding ?? @bbcgoodfood 	1
person hit me w a horse tranquillizer istg ive be in a pool of perspiration for 6 hours and i havent sleep im so tire but i love my friend so much and oh my fuck god i buzzword rn 	1
love season 4 of trump Energy US. amusing season yet #DonaldTrump #trump #MAGA #MAGA2020 	1
holly Arnold ??? Who #ImACeleb #MBE nope not certain oh bent on you mean MBE yes thatâ€™s her !!! 	1
ANY pensioner AND 4 year OLD WHO dare return ME ON AT dinosaur theme crazy golf volition BE oppress, oppress I Tell YOU. HTTP://t.co/yZlafy0lsd 	1
See Brexit is departure well 	1
just like to compliment everyone on the Kop today for the fast ever poor Liverpudlian Tommy. decelerate the fucking down 	1
do i just blast maneskin to get hype for my osce or?? 	1
@heathoween @tylerrjoseph Yes, because we demand literally every bingle fuck celebrity to talk up on a subject that's be coerce down everyone's throat for the yesteryear 4 month. I use the net to get away from these fuck real life problem; not everyone need to weigh in. 	1
I never idea I'd say this, but I have go one of those people who like premium bars. 	1
My firstborn is have a wild Fri nighttime out. She's departure to lotto. ğŸ˜‚ 	1
Whoeverâ€™s yearling ass spray the stallion lavatory wing, I hope you stub your toe and bite your lingua truly difficult. besides you be clearly dehydrate, go drink some darn H2O like an grownup 	1
gaslight gatekeep miss foreman 	1
I was lone in Taylor Swiftâ€™s top 0.10% of hearer on Spotify but finale twelvemonth but yea wholly sound that Swiftogeddan in Glasgow is sell out 	1
imagine departure to university for 4 age when you could just follow Elon musk on chirrup for free 	1
Not got one lynx Africa for Christmastide Day this twelvemonth, shock and shock. #RuinedChristmas 	1
The villain in superintendent hero movie are terribly polite. They ever restrict their invasion to beingness above one specific metropolis 	1
Oh my good. Itâ€™s the first hebdomad of the summertime vacation and Harrison has found his recorder. give. Me. strength. 	1
@AsdaServiceTeam ideate your bringing beingness 2 hours late, and ideate career up your service squad lone for them to bent up at 10pm, coincidently the Lapp clip the office finale. But itâ€™s OK, my Â£3 bringing fee is beingness refund though ğŸ‘ŠğŸ» 	1
team is down what a shame I canâ€™t do my assignment ğŸ‘‰ğŸ½ğŸ‘ˆğŸ½ 	1
@DuncanEdwards03 @PoliticsForAlI well I uncertainty they're try to knock the door in to alteration the ordinance of coughing medicine. 	1
Not at all refer that a man's just be round to violin with the boiler and now he's left the C monoxide dismay won't halt honk 	1
Not relation anyone how I vote in instance it Energyn't semen true #EUref 	1
just wonder how to get my Dis down by 1500 words .. such fun 	1
Itâ€™s be a blissful 2.5 hours of slumber tonight 	1
fall asleep at your laptop is ever fun 	1
try to know all this history tonight is gonna killing me 	1
love it when Jonny brand me use earphone to ticker something on my telephone so he can drama fifa 	1
Nice to be compare to a brick wall ğŸ˜‚ 	1
@BellularGaming blizzard volition have to brand certain it Energyn't transcend the recommend fun degree of 10%. 	1
if 2020 was a nose itâ€™d be mine ğŸ¦ 	1
Would anyone like to spring me some money? #FinDom 	1
Got very excite that my subject trust card arrive I am officially a grandmother HTTP://t.co/mtkWJCxwom 	1
immunize this morn. Not certain it's work - still perpetrate to apple and no supernumerary autism detect. bloody science. 	1
ITS approach HOOOOOME 	1
i wishing i could tap in to the authorities bank accountğŸ™„ğŸ™„ğŸ™„ 	1
90% of maturity is just replenishment your Brita hurler. 	1
I say though, we did mark one for the hereafter so, you know, not all somberness and doomsday...we mightiness be good in 6 age clip. 	1
Where is the Chancellor? please cheque the dorsum of your sofa. 	1
i have be inform that, as aroace and agender, i have triple visibleness and am now seeable from infinite. 	1
departure to be run on 3 hours of slumber at work tonight! so excite!!! 	1
@AlexShawESPN @robwishart @GNev2 Energy he order 11 at once and drink each one at just over 5 proceedings, OR do we have to return into history departure to the bar? either way itâ€™s a shame and not what we should be promote to the child. 	1
iâ€™m now reading 4 book at once what could go wrongfulness ğŸ§¡ 	1
@ZionWarrior6 I think luncheon was ready at the attention place, then it was clip for nap and then countdown. 	1
@Schlippertysch1 @anon_opin very good. just demand to work on your spelling now ğŸ‘ 	1
July 1st. half way point of the twelvemonth. well I think we can all hold that 2020 has travel smoothly so far. Canâ€™t delay for portion 2. #murderhornets 	1
Got lock out of chirrup for expression itâ€™s embarrass to be an armory fan. Thatâ€™s not OK, but people can be opprobrious and racialist and nil?!? OK! ğŸ¤£ğŸ™„ 	1
I just perfectly love how I've got to work exterior for the following 3 years in the heatwave. #sweatingmyballsoff 	1
@ThePartridgePod defrost the Deepfreeze with the cast of Hollyoaks. Any of them that desire an supernumerary fun trip could pop to the recycling Centre with some empty pesto jar. magic. 	1
So, very delay flight from Bristol to Edinburgh @easyJet, hallmark vagueness from staff, with a chronic deficiency of empathy to boot (contempt me travel with 3 offspring child)... now, clip to provender our household with Â£3 voucher (at airdrome price!) #testis 	1
we demand to normalize have perfectly fry bleach damage hair. people should talking astir this 	1
Wizkid is the Rex, ok lol 	1
Ah yes, it truly is wood-burning stove in sub-Saharan Africa thats drive the clime crisis ğŸ§  HTTP://t.co/lShlgWYGOX 	1
begin observation house of cards, 4 episode in. already I can see it was a good choiceğŸ˜„ 	1
sociable care for the offspring is fundamentally a bath board and bed remainder and your make. 	1
@PONOS_EN very Nice. We're now briefly up to date. hopefully Energyn't return you so hanker to do the English release of the new elf after we get 9.10. 	1
justice HAS be make. 	1
What a race ! #sarcastic #WTF1 HTTP://t.co/zRtL5alnoT 	1
aid! i'm beingness haunt by dead people! (my dissertation) 	1
my neighbor twit me exterior my office window by cooling in their hot tub every remotely warm day whilst I sit here on consecutive zoom all day every day. the audaciousness is amaze. 	1
I've be make physics for 40 proceedings I think I merit a interruption ğŸ˜‚ğŸ˜‚ğŸ˜‚ğŸ˜­ I'm never departure to get it all make at this rate 	1
truncheon Gunn sorta relevant for the first clip in age... 	1
wishing i could understand twine theory without knowing mathematics..... ala i conjecture i am too hot for conceptual physics 	1
So we really have to do hot miss summertime without 1989 Taylorâ€™s version., Iâ€™m sick 	1
ğŸŒ¶ spice coconut curry ğŸ¥¥ . A weekend spend with friend bring a hebdomad of content... or something like that ğŸ˜œ . begin the weekend off with this delectable morsel, With was a merger of miso benne eggplant ğŸ†, broccoliâ€¦ HTTP://t.co/zyWiA0EX4u 	1
see crowd surfboarding the following clip the hallway are too pack 	1
avoid mass gathering.. Energy this mean that I can stay place tomorrow as I work at a school? No I idea not. #schoolclosure 	1
You know the wolf lucifer is drilling when you're talk with your mate astir the best way to wire up his new shed! 	1
What a fantastic clip to have your AC go out HTTP://t.co/jqjqG1dGOa 	1
@WalesOnline concentrate intelligence. 	1
My (widen) fam was discourse departure on a trip alternatively of acquiring present for Christmastide, like OK Iâ€™m turn it... yea they be talk astir make to the dell. Iâ€™ll return my god darn present thank you very much 	1
OK but like the say so vocal ainâ€™t that bad. Iâ€™m unironically jam to it lmao 	1
if you see me weeping in the self-service car wash in my rosatiâ€™s uniform, no you didnâ€™t â¤ï¸ 	1
tinnitus is my favorite thing ever I love it. So loud so atmospherical HTTP://t.co/mNJw5GvPzy 	1
thanks @SovietWomble for informing my location out on watercourse and then embarrass me ğŸ˜‚ it make my day though HTTP://t.co/3b7Cjql2GO 	1
love life in a capitalist society where i expression forward to acquiring a surgery where iâ€™m legit acquiring AN internal body part remove bc it agency iâ€™ll get a few years off from work xoxo 	1
i love consume toxicant and then wonder why my pot is rumble the following morn 	1
beautician and the animal (1997). best timothy Dalton movie of all clip. 	1
@FeeyaCruz Ahahahaha the Feeya I know and love, girl u ğŸ˜¢ 	1
perfectly love waking up to the fire dismay at 7 am ğŸ˜ 	1
full vaxxed feeling very girlboss 	1
I feel like with the pandemic and all we should now be let to publically shame baby for just like cough into the clear air you know what I mean 	1
Let me conjecture, it has to be Charlotte Tilbury makeup. And if by opportunity you do return it off, use Charlotte Tilbury skincare HTTP://t.co/0c2IfIpy8l 	1
The typhoon fly over me today perfectly fume they forget to bomb me 	1
love acquiring assignment at 6:25pm on a Fri!! 	1
ramp argument on the importance of an Orlando magic summer league championship. decidedly a notch beneath 6 if decide by coin somersault. HTTP://t.co/LG0VRwkrKO 	1
@rits_meg @freedomsenpai hot loli 	1
between Mikey cookery and Didi cookery for me I relax ğŸ˜ cookery?? I donâ€™t know her 	1
Ah gotta love that Fri morn burn out feeling ğŸŒ„ 	1
@PFTompkins Her household should decidedly not seek mental wellness counsel. ğŸ˜¬ 	1
How I coquette with boy Boy: â€œHey I saw you from across the room and had to semen overâ€ Me: â€œWow youâ€™re superintendent observant. Do you have 20/20 vision?â€ 	1
be try to get my boyfriend attending. Letâ€™s see how hanker it return for him to see this tweet tho. 	1
My work email isnâ€™t workings so I can just log off for the day right? ğŸ™„ 	1
observation Olympic woman beach volleyball for the game 	1
thereâ€™s no better way to aftermath up than have one dog leap straight on your tummy and knocking the wind out of you piece the other bead a dead gnawer on the end of the bed. ğŸ˜‘ 	1
cold ear? return out one AirPod, leave it by the range, and bury astir it for 20 proceedings ğŸ¤— 	1
Do the #Hokies truly have to drama 5 against 6 tonight? semen on chevron 	1
fool me once shame on you. fool me twice shame on me. fool me multiple times I must have go a brexiter. #Brexit 	1
lucky for 2nd put Brentford that there's no base out squad like Leeds this twelvemonth, or they mightiness have no opportunity of winning the conference. #ncfc 	1
how do I get my fellow in a maidservant costume? 	1
@DonaldJTrumpJr If lone he had a imperativeness corporation in the house...oh delay! close up Jr! time to get suit for those lovely orange jumpsuit! If you can't be orange anymore at least you can wear it!!! 	1
Wtf is a Justin Herbert 	1
``He's not welcome in a tolerant spot like London'' @emmadentcoad on the presidential visit on @BBCRadio4 The sarcasm in that remark... #r4bh 	1
I love it when drunkard, inconsiderate flatmate semen dorsum and start climb on the roof #istillhaveexams #tryingtosleep 	1
thought astir discontinue the way im on to go a college adviser so i can be wrongfulness and do nil for the remainder of my life 	1
2 occupy workings 2 attention 	1
update: theyâ€™ve eventually close the campus which agency I waste my day departure in and wait on lecture ğŸ™ƒ HTTP://t.co/kBTOqNpX3Z 	1
stop treat Mars like A BACK-UP boyfriend just FIX YOUR current relationship WITH Earth BECAUSE YOU CAN'T populate here. 	1
I just donâ€™t think itâ€™s too much to have a perfective life with perfectly no problem ğŸ¤·ğŸ»â€â™€ï¸ 	1
The control button just hide off my laptop. How symbolical for my life. 	1
brand it illegal to say/write ``Dems in confusion'' on history of it beingness stupe as fucking 	1
a degree Tudor history can do one 	1
Can't delay until I populate to be 110 age old and I have people request me how I've populate for such a hanker clip so that I can brand up some hyper-specific secret to longevity that people volition necessarily follow 	1
ugh I have to direct an email??? how astir I just discontinue!!!!! 	1
Day 3. baggage arrive, thanks @AirFranceFR. Non random Magyar underclothes. talk deliver. science satiate. #metaxa HTTP://t.co/6KPjLezQOF 	1
travel to cheque out the bios of the (entirely) hippie fellow that work in a challenger boutique good shop and found out they all travel internationally during the pandemic ğŸ™ƒğŸ™ƒğŸ™ƒ 	1
So in other intelligence I just keep the door clear for Bam Adebayo &amp; then I hide down the steps &amp; I think I interrupt my finger.. ya I'm THAT smooth 	1
I can't believe today is the finale day we can be gay. 	1
did you really fly on a airplane if you didnâ€™t station a image of the position from your window? 	1
beholding as Kanye Occident has a scope of vesture with Gap, how astir me and you do a collab @FandFclothing 	1
i love jumping on zoom meeting where everyone is talk astir their child &amp; i'm dressing my face with greaser bell 	1
itâ€™s ever the girl I donâ€™t evening know that wanna talking astir me 24/7 :) I love my fan :) 	1
@igreen95 thx for the drama by drama 	1
who think me and sam should start a set name 'teeth at midnight' ğŸ¦·ğŸŒ™ 	1
omg thereâ€™s a sheet of ice in forepart of my school. should I gaffe and autumn? 	1
I wishing that grill cheese help you get that summertime bod 	1
I name out an insta station for fat dishonor and am now beingness state that devising fun of person have no cervix is â€œnot devising fun of personâ€™s appearanceâ€ !!! The More you know guy! 	1
@andy_mansell72 @VicOtley @garry_whu @NiaAnts @davidschneider finally person is speaking up for the billionaire. 	1
@mjborshell @garygilligan Hasn't he open a few new hospital? Oh regretful, possibly it was a new first aid box. 	1
yea your miss is mulct but Energy she walk out piece gift blood 	1
I recover a repress memory today of workings at @kumandgo in high school 13 age ago &amp; have to reply the telephone as â€œwe go all out at Kum &amp; Go, this is Shelby. How can I aid you?â€ And the buffoonery call that led to. pretty certain K&amp;G owe me therapy. 	1
accidentally make a friend in ASL today. I hatred when that happen. 	1
@BoardroomBoy Few links for you. To summarize, erosion face mask look to be More effectual than not. Who'da thunk... 	1
kind of unmannered of my tummy to still brand giant noise after Iâ€™ve presumption it a whole protein bar 	1
Because of #trump I now don't have to concern astir other state devising fun of me for beingness fat! ğŸ©ğŸ«ğŸ°ğŸ• #Thankstotrump #US 	1
Overthinking everything in life truly return a toll on you 	1
Man I just love it when I'm coerce to pitch two game dorsum to dorsum bc our other hurler didn't show up 	1
Iâ€™ve see a lot of people on local Facebook group request AirBnB owner if they have any handiness late. If lone there was a site you could use to discovery out if an AirBnB was available ğŸ¤” 	1
@SuspendThePres But what be the evaluation?? (answer to his tweet with the Lapp thing.) 	1
dont you love it when youre just cooling in your room and then there a spider and you killing it but when you killing it you spill soda all over your keyboard yea me too 	1
@MollyJongFast I think it should be let for client service worker to squirt H2O into their face like how they do sometimes to train pet 	1
tax are just the best and I cannot delay to pay More ğŸ˜‡ğŸ¥°ğŸ¥º 	1
good my parent are really observation something on apple TV+, superb, yet another cyclosis service! ğŸ˜ª 	1
alright Iâ€™m ready for some March madnessğŸ€ğŸ”¥ 	1
I still canâ€™t believe England won the universe Cup 	1
dont u just love when u get ready for a cancel date two hours early . . . yea i wasnt excite or anything 	1
wouldnâ€™t it be cool if i could spontaneously burn 	1
Efy is great 	1
@sonofsama1 @Santandave1 youâ€™re rubbish 	1
cold queso is so much better than warm queso HTTP://t.co/5TaMe4aSO6 	1
Wow it's about as if it's their misprint job to have a lot of cognition astir a broad array of subject.. funny that HTTP://t.co/NGi02vXxnK 	1
Itâ€™s truly very selfish of Silverstone to be expression the 2022 thousand Prix is 1/7-3/7 cause my vacation twelvemonth start on 1/7 and I would have to use a day of this age vacation allowance to go. I should have be consult truly ğŸ˜µâ€ğŸ’«ğŸ˜µâ€ğŸ’«ğŸ˜µâ€ğŸ’« 	1
``are you experience suicidal or murderous ideation?'' ``lone piece try to talking to a homo when I call @Walgreens pharmaceutics'' 	1
just acquiring some WD40 on my missive box to aid the poor mailman with his bringing today #valentinesday2021 #WD40 	1
Iâ€™m regretful, but if you message me on Instagram desire me to aid you sell your fit tea and wrap, Iâ€™m departure you on read. ğŸ™ƒ 	1
wow i love lone ever purchasing grayness and stripe shirt 	1
no More instagram. we must all return to scrapbook. 	1
thank you chirrup for deciding to wholly reset your listing of the ``propose subject to follow'' I've snap to disregard (all of them), so now I'm dorsum to beholding hundred of them, every clip. truly appreciate you make that. 	1
thank god I just circumstantially snap a rando guy from high school â€˜yas queenâ€™ with acne pick all over my face 	1
I injury my pes like 3 years ago, I have no thought how, but it injury to put pressure on it. love that for me 	1
me: try to slumber somewhat earliest than usual bc I feel like crap my friend, texting the grouping confab 13 offprint times at about 4am: hullo I donâ€™t think so! how abt I Tell u abt how bad things are departure alternatively :) 	1
thank you to my flat composite for systematically cutting the grass at 8 am every Th for ~5 hours. Itâ€™s decidedly not superintendent objectionable or annoying â˜ºï¸â˜ºï¸ 	1
5:30 banshee-like kitty zoomies are decidedly my all-time favourite dismay clock, and the sound of jewellery box flip over and burnouts on the wood flooring brand for the calm, most gratifying start to any workday. 	1
sometimes I feel like all this attempt is just like lodge diamond encrust alloy on a drained Corsa. I mean, crap is what it is at the end of the day. 	1
a bingle man direct by tom Ford simultaneously resurrect me from decease lone to viciously slaying me once More. 	1
Hey Siri, how do I halt simping? 	1
we love blend signalsğŸ™„ 	1
Hey Energy anyone know of any organization that have monolithic reserve of money that could be superintendent utile to the universe during a populace crisis????? 	1
Wow Bdubs can bench imperativeness 150 kilometer 	1
nothing scream â€œIâ€™m a glamourous cosmopolite womanâ€ like followers your dog down the street in the thick of wintertime, expression â€œgo toilet! Go toilet!â€ over and over again. 	1
hear a rumour that Baja blast is approach to shop and careless if anything else I hope for in life falls done, at least I'll have this. 	1
@KhoaVuUmn reviewer 2: this is a very weak paper that fail proof of conception. state a cat bed is besides a ace's hat is wholly wrongfulness and your information cannot support this 	1
A wrongfulness feeling is once again my forte 	1
if tree would merely halt produce inflammable leaf clime alteration would not be an issue 	1
oasisâ€™t write in month cuz there are no male teacher to impressment ğŸ˜£ 	1
hey quick inquiry is it autumn or springtime??? 	1
when the lavatory place is warm up for you&gt;&gt;&gt; 	1
@PlayStationUK Nice 	1
me and Noah forget that today is our anniversary. if that isnâ€™t twosome goal then idk what is ğŸ˜Œ 	1
I canâ€™t delay to hear More astir the life of an upper center category east Asiatic American whose lone personality trait is imbibing boba tea HTTP://t.co/SapbXLd0r2 	1
Hey what's the conditions like today? Am I departure to demand an umbrella? 	1
try to fig out how to use impression for my anime listing. I think iâ€™m death 	1
Do you think anyone on bachelor in Eden has see Oscar victor parasite? 	1
``your pronoun are what's in your bloomers'' ok. juicy/dumper 	1
Itâ€™s so amaze how people bury you be until they privation something from you :,) 	1
2 things I love: 1. being wake up by building work an hr earlier my dismay. 2. sarcasm. 	1
How turn you dont use a million filter on your picture 	1
complete the queen's ploy, i love a expression into the sixties in the American South with no racism just vibraphone 	1
Wow itâ€™s about like we donâ€™t nap every bingle day at the demand Lapp clip wow how daring I try to do the thing we do every bingle day! 	1
@brruhia Nah bruh you just imbibing it top down ğŸ˜‚ 	1
@raerenyse easily one of the worst and most damage return for both trans AND cis woman I have see frankincense far. Congrats on reach new degree of atrocious lmao 	1
@PoliticalOrgy I thing you mightiness be on to somethink!ğŸ™„ 	1
here semen the final of the UK #DailyBriefing - who volition win, Johnson or Covid? 	1
``You're not a convention White miss'' lol ok 	1
great clip for sim and I to have our weekly life update.... ğŸŒ›ğŸŒœğŸ¨ (close thing to an owl) ğŸ’¤ğŸ’¤ğŸ’¤ğŸ’¤ğŸ’¤ğŸ˜´ 	1
I love when you go to store for asset size vesture and it's ever just jostle nether woman's and it Energyn't have any subcategories so u just have to Wade thru everything like a pig beingness throw slops 	1
@richardosman @GMB @susannareid100 @piersmorgan You've a book out? I hadn't gain. Yes, you've already read this 8763 times this hebdomad, but hey. 	1
Hahahah @LibertyU is closing down the stallion campus for quarantine!! Couldnâ€™t hap to a nice grouping of Covid denier! #CovidIsNotOver #karmaisabitch #Covid_19 	1
brother's off on a nighttime out and I've travel to bed cos I feel exhaust and sick.... fantabulous ğŸ‘ğŸ» 	1
â€œThe App shop [is]... an economical miracleâ€ ğŸ™„ but apple thaumaturgy not workings today at #AntiTrustHearings #apple stifle invention that is the lifeblood of our economy. -Lucy McBath speaking some truth today #HouseJudiciary HTTP://t.co/2swhC9daBM 	1
I love how they fuzz out Tristramâ€™s face in this season of the kardashians LMAO like hmmmm I wonderment who that cryptic man is 	1
In cheery Spain at the minute!!! Hows it all in England? 	1
my superintendent powerfulness is ever bite into the sour pick side of the burrito no affair what 	1
if you show your pop funkos in the box then youâ€™re a Tory 	1
#HappyBirthdayKeanuReeves Keanu reeve is so wholesome â˜ºï¸ 	1
Donâ€™t concern, 20 something people who follow me here, I brush my hair for the first clip in a hebdomad today. I know, impressive. 	1
@kmflett And with a plentiful supply of pieplant. 	1
hearing Kendrick Perkins mention to Alec Burk as Alecs Burke like heâ€™s lawyer general &gt;&gt;&gt;&gt; 	1
delay didnâ€™t covid go away?? Itâ€™s after Nov tierce so it decidedly should be travel now...delay...Iâ€™m confuse...121,000 case in a day? Youâ€™re relation me THE whole universe didnâ€™t sham a pandemic for the US election? No way... 	1
We truly demand to remind people that universal healthcare agency never necessitate to sit done another annual account of benefit meeting 	1
wow. i left on clip today and the airdrome connection is all the way back up. love that 	1
possibly i am a cyber tough 	1
``@elliekonsker: Florida YOU literally have ONE JOB'' 	1
Andrews truly try to explicate to me that football and rupauls drag race arenâ€™t the Lapp thing when it in fact is the Lapp thing. 	1
day 5 of people beingness mad astir ellen posing by gw shrub is when we'll eventually get to the underside of this 	1
cool guy in a big motortruck honk truly hanker at the refuse motortruck because it decelerate down to bend; I felt he desire everyone to know how cool he is, so I decide to tweet astir it on his behalf. 	1
NOT OLIVIA RODRIGO traitor IN THE background #LoveIsland 	1
iâ€™ve never had protect sex 	1
duodenum, jejunum, and Troy would be cunning names for three, donâ€™t @ me 	1
lone shout at one individual piece bicycle place this eve. improvement! 	1
.@taylorswift13 is 100% departure to station another photograph with 5 hole in a fencing 5 years earlier lover is release, isnâ€™t she? 	1
the fact that â€œbreakage: school shooting preventableâ€ was an existent headline on nbc tonight is really absurd 	1
I love when I start choking on my H2O in my 8 individual category 	1
whoop diddy scoopful crap 	1
@WilliamShatner Mr Shatner whilst you be sleeping you ask me to articulation Facebook courier and then after a polite conversation you then offer me gold necklace and a singe (sic) tee-shirt - you make my Fri nighttime sir... just expect your instructions so I can wire the money... 	1
is it illegal to discriminate against person on the footing that they have a jokester tattoo 	1
itâ€™s be 20 hours and i privation another chai latte with pumpkin cold froth i canâ€™t afford this! 	1
It would be a real shame if people share this about and fill it with sham information. people should decidedly not do that ğŸ˜‰ HTTP://t.co/Px7dYqjh3I 	1
well make Henri, cost us the win #nffc 	1
I love not beingness pregnant so much itâ€™s my fave thing astir myself 	1
@ray_harren @tkinsonn buy truly rare pokemon card 	1
you like catsup but not tomato??? turn up 	1
Big day in the Mumford house #sport day 	1
@ShareZone5 @StockpickB You are a right package of laugh to return to the picture draft! 	1
â€œIf I could have change anything astir my childhood I would have never watch spongebobâ€ -no one 	1
#bbcqt It certain would be Nice if Ms May decide to reply a inquiry, instead than dance readily about it. 	1
Energy anyone not know prince harass got prosecute? I donâ€™t think thereâ€™s be sufficiency in the intelligence astir it. 	1
@sadgirlkali brand your hubby hold to let you die first. FUN date subject for treatment 	1
im ollie im 5'8 and i think my 5'7 fellow is short 	1
tonight @ dinner I sat by &amp; chat w/ the former Chancellor of Ole girl, a former girl MS, &amp; the proprietor of the girl US pageantry casual. 	1
wow this growing jet is truly pickings thirster than i idea haha 	1
quarantine Day 256: beloved ancient Greek, re: the blanket-wearingâ€”I get it. #QuarantineLife 	1
my bf take my off his lock screen which obvi agency heâ€™s cheat on me 	1
Gonna go cry now some no face state me to lose weight x 	1
'Margaret Thatcher' is swerve... has 2016 take another one? 	1
hear me out... The lyric in ``coney island'' should've be ``doomed again with no surprise, disappointment finale your eyes'' repair it for you @taylorswift13 ğŸ˜‰ #evermorealbum @taylornation13 	1
At least half of my years are still bad years and let me Tell you, i've never once kill 8 people because of it. A true miracle seemingly 	1
Of class the minute I forepart the system is in express pandemonium ğŸ¥´ 	1
Day 38 of quarantine is an interest clip to get a new membranophone kit, neighbour 	1
hate this site [CHIRPBIRDICON] 	1
did you know there is a direct correlativity with how cool person is and how high they turnup their bloomers? 	1
@McDonaldsUK Would love a brash McDonaldâ€™s breakfast earlier a occupy day at work would set the day off on the right pes ! ğŸ’“ #FancyAMcDonalds 	1
I curse this triller event is run by adolescent 	1
What sort of sin have yâ€™all be perpetrate for God to penalize us with this rather conditions... 	1
Iâ€™m truly look forward to not caressing my friend and household done pick instead than by law. 	1
Men volition literally sham an hurt on the football field alternatively of departure to therapy 	1
I don't think Republican have any ego consciousness or any thought of how the universe plant... Nice try though. 	1
there is not sufficiency people here #ivoryrooms 	1
I love online shopping because if I am physically in a shop and an employee evening expression at me I volition instantly leave. 	1
WHO LET THE laundry pile UP 5 basket. good. 	1
Boehner not applause for gender pay equality. cool. 	1
drop in center to let people get the 1st or 2nd vaccine clear today . I travel thought I was able to get my 2nd one . delay in the que 30 minute .sits down arm ready to get ! regretful your 12hrs to early !!! We cannot vacinate you till 56 years !!! @NicolaSturgeon #seriously 	1
``I'm refer astir the environmental impact of my contact lens,'' say the occasional daily wearer, throw their Starbucks cup in the trial room bin. 	1
cry out James Boswell #unibowl 	1
@ThomasCabaret84 @MicrobiomDigest @raoult_didier surely youâ€™re not propose that their own thorough probe of their own suspect &lt;fraud&gt; (which found no grounds for state &lt;fraud&gt;) was transport out with anything but the very high degree of unity? look wholly legit to meâ€¦ 	1
@xNemoooo @McDonaldsUK @tasshx Say curse you didnâ€™t down all bevâ€™s at Acapulcoâ€™s heterosexual after?? ğŸ˜˜ 	1
I got name ugly on chirrup by an uneducated adolescent who garbage to show his face:( Iâ€™m gonna cry myself to sleepğŸ˜­ Iâ€™m in gut wrench hurting! 	1
@benshapiro itâ€™s true, every clip my little cousin put on their mask they choke to decease and have to be resuscitate. itâ€™s very trying for us. 	1
just dislocate my fuck genu again piece out on a walking ğŸ™ƒğŸ™ƒğŸ™ƒ FAB 	1
concern that finale all day nonstopğŸ¥°ğŸ˜ 	1
make off at @TMobile_USA and just privation out of my contract, but I'm certain that would just be way too easy, ugh :( 	1
football is turn into an anatomy lesson. cool 	1
@BIGRXD12 ah yes, people with feeding disorder, celebrated for easy beingness able to not concern astir their weight 	1
As if I didn't know this anyhow! I'm an Owl harmonize to the #BBCBodyClock quiz â€“ what are you? HTTP://t.co/vM07K82CTg 	1
i would killing a man for a brow buss rn 	1
mental shoot out end. silent intermission. Siren start ğŸš¨ always so absolutely clock ğŸš”ğŸš“ğŸ‘ğŸ½ #LineOfDuty #LineofDuty6 #LOD6 #LOD 	1
love beingness name the Satan for pickings away personâ€™s telephone at summertime schoolğŸ¤—ğŸ¤—ğŸ¤— 	1
everyone pls halt shot firework my dog is frighten :( 	1
I love years when Rob plant short call and is lone at the infirmary for *check ticker* 13 hours. 	1
@tedcruz @dream worst timeline 	1
@BBCAMERICA thanks for interrupt your narration continuity with commercial interruption preview. #SpoilerAlert 	1
i love how i literally just complete observation the fifth hp movie and then turn to my mum and state ``love a good bit of character decease on a Sunday :)'' the dsmp lore has absolutely destroy my attachment to character and how i see narrative now. i am a interrupt woman. 	1
i travel exterior today and suddenly my depression is cure 	1
Canâ€™t delay to be dorsum at uni so I can order More place and apparel without my mum relation me off x 	1
love when the train Michigan in philly and everybody boards and of a sudden it smell like a ham sandwich 	1
thanks @Tesco for not ratting me that my chink and collect order had be cancel when my history say it's ready to collect my spouse has had to traveling unnecessarily to Stafford and we still don't have our shopping, good diet I conjecture have to delay for my 26th bringing slot HTTP://t.co/xq9oXEkw8o 	1
My dreaming is to be left alone. 	1
@lora__ shock. How am I suppose to Tell the child they're not departure to Disneyland on June 21st after all? It's already be cancel 36 times! HTTP://t.co/SV8gpPn6yw 	1
@BorisJohnson @MattHancock Oh truly? 	1
we happy!!!!!!!!!! 	1
first day of work, and iâ€™ve already shout on the job ğŸ‘ 	1
The fact I about freeze on my way to work this morn is decidedly a mark it's not summertime anymore #freeze 	1
damn, ideate beingness vaxxed and then acquiring a cold and then lose your taste and odor. Oh delay. 	1
Is this first Cybex isokinetic ergometer? @DrAndrewBateman #PRS2021 	1
how you gonna ask me how iâ€™m make â€œon this mulct labour dayâ€ piece youâ€™re off, as Iâ€™m ring you out, on labour day. how do you think i am ğŸ’€ 	1
seemingly itâ€™s subject sibling day? idgaf ğŸ’€ 	1
work out 2 years in a row. I am rather literally the prototype of wellness and fittingness 	1
yes i have little involvement in make things that use to me 	1
If you ever desire to know what it feel like to have dyslexia I would urge the book house of leaf. 	1
@DanielIngolfur @The_Timbrodini @ViQueen55 @tedcruz I know, right? He evening desire poor people to be healthy, because he was fundamentally a fuck Communist. What a hippy. 	1
@DylanPetit17 @jaredj5 Let's listen to Dylan Petit over really doctor, biologist and epidemiologist. ğŸ™„ 	1
Don't let people walking all over you. Or respire on you. either one. 	1
Kepa had a great game 	1
I am start off my day by observation a dragon Den special on Deborah Meaden and feeding a Pot noodle. My life is perfective. 	1
@Moffstovoi well make! With the better coaching now available, can we anticipate a nice wee triumph tomorrow? ğŸ˜… 	1
@stockwa16053563 @PeterGWall @michael_saylor Michael Saylor is efficient in his line of inquiring. feel like More an question ğŸ˜‚â­•ï¸ 	1
I'd like to thank center elderly men observation the Olympiad for resolution the mental wellness crisis. acquiring person to cry ``get some position'' at every jock fight with anxiousness volition decidedly lick their job. 	1
Energy ur dad hatred you for no ground or are you convention? 	1
I girl walk up 3 flight of steps for category and have to gimmick my breath in the bath ğŸ˜© 	1
this is my 3rd clip pickings a biology class and itâ€™s so easy wow i love biology so much iâ€™m so gladiolus iâ€™m so good at this topic. 	1
Hot dog feeding competition as a signifier of help suicide 	1
being 20 age old and departure to concert with my mom agency I can screaming all the no-no lyric bc iM aN adult 	1
it'd be Nice if missguided really had stock for onceğŸ™‚ğŸ™‚ğŸ™‚ 	1
first game not start when it's suppose to? a UCF tradition 	1
have a bad hebdomad but what else is new!! At least I eventually got pay ğŸ’•ğŸ˜­ 	1
im astir to just walking into a spot and start workings then and there and they'll have no pick but to hire me on the place 	1
just lodge my stallion manus in a hot oven without thought astir the consequence. ego saving is clearly my strong suit 	1
turnover is the best set to cry to/drive to/daydream to/fall asleep to/ reminisce to/die to 	1
praise to trump on his sec impeachment. Itâ€™s a enormous accomplishment bear of difficult work, focusing and dedication. record breakage. historic. Bigly. #ImpeachmentDay #TrumpImpeachment2 	1
yea i bask some marjoram on a Nice pasta dinner (mopes marjoram on mac n cheese) 	1
everytime i swipe done botch when iâ€™m bore i just get sad that no one has the Lapp composite interest as meâ€¦.rude ğŸ˜¤ğŸ™„ /j 	1
sitting following to the universe's loud mouth-breather on the first day of category did a truly good job of demystify grade school for me today 	1
every date I go on I get a little frighten volition be telephone barter 	1
nothing warm my bosom More than beholding everybody semen together and onslaught westsideâ€™s disposal â¤ï¸ #WycoPride #YeeYee 	1
blatantly obvious that Lionel Messi is now set for a move to Leeds. The Newellâ€™s old boy web. 	1
Canâ€™t delay to get place return a big ass antihistamine and roll in some topical steroid. damn it, tegument! What did I ever do to you?!?! 	1
â€œtit for tat, butter for fat, you killing my dog, i eat your catâ€ is a Liberian adage for â€œan eye for an eyeâ€. my ancestor be spittinâ€™ 	1
@Chris_Ransom @CityView1904 @Uzzell01 @BBCSport aware she was not a tennis participant when she left Canada at 2 yrs old?? cognizant she did not choice up a tennis racket until 6 age old??.aware last12 age train at the Lapp tennis nine in Bromley Kent England??the miss is Brits no hater or skeptic volition return that away from her 	1
was not cognizant that Crocs be allow concern insouciant garb. 	1
On a scale from 1 to 10 how profoundly was your childhood influence by the Hannah MT 2: meet Miley Cyrus double album? This is for research purpose. 	1
Oh? You're a real anime fan? name all the Boku no Pico character, I'll delay. 	1
@kidcuisine98 establish assurance and believing in proper eye contact-pilled! 	1
replace Pelosi #Nancy 	1
oh certain, the micâ€™d up hurler at the MLB all-star game can say â€œgod dammitâ€ but when my 13 twelvemonth old softball participant say it she get a â€œlanguage warningâ€ ğŸ˜‚ 	1
@SrutisJay one of them smonks weed so it's superintendent worth it /s 	1
@Dancruz07 Sureeeeeee you do 	1
baronet is close rn in Oakland so I canâ€™t go to work, Iâ€™m so disturbance.... 	1
just redownloaded the @accomplishment app - let's see if it better my exercising routine! 	1
just sign up for apple's Ping, state it I like 'classical' and it point me towards lady doddering. It return a certain mastermind to be this dirt. 	1
iâ€™m departure to cut off contact with every bingle individual i know and emerge in a few month o a twelvemonth from now have doomed the ability to physically talk but be able to drama the average fuck accordion youâ€™ve ever hear in your hapless little life 	1
Itâ€™s funny that you guy idea sport count during a pandemic. I merely can not ideate lovingness astir a winning run rn. 	1
ah yes, of the class the summertime rainfall pour when im on pes. 	1
Keanu reeve is killing his function in ozark season 3 	1
acquiring stop by tesco security is the highlight of my day 	1
Yay for beingness lock out of your own house because you forget your key 	1
craving an ice choice leukotomy on this Fri afternoon 	1
my favourite thing astir my grandparent is that they're so afraid to talking astir me beingness gay that our gimmick up telephone call are improbably short ğŸ’˜ 	1
My coworkers drama this fun game where they try to depict bars in la crosse &amp; have me conjecture which one theyâ€™re talk astir 	1
The fair-weather fan in all of these togs. aftermath up call. Fleury is a homo beingness. surprise! 	1
@trave whoa! that's a little too loony man, decelerate down 	1
Wow. Liam Neeson is approach across as a rational man,isn't he!!? 	1
No gag, air-fried writhe tea are THE best. 	1
I discovery it screaming that â€˜blackness and Whiteâ€™ or â€˜all or nilâ€™ thought is see a cognitive deformation and is a symptom of several disorder, and yet it remains a pillar of American (and Western) civilization. Itâ€™s about likeâ€¦. our civilization is toxic ğŸ¤” 	1
It would be Nice if my body would let me slumber... 	1
@fabulous So worry astir him. But if you're look to save him, establish on the topography I'd say it's somewhere on the eastward seashore. possibly the Carolina? 	1
All the shadiness i have be hearing astir Ben Platt beingness incredible as a adolescent in the @DearEvanHansen film boggle me. Energy cipher have any memory of grease??? name 1 histrion on that movie who believably look high school age! 	1
drum and bass is unsafe material don't you know.. #FabricReview ğŸ™ğŸ»ğŸ™ğŸ»ğŸ™ğŸ» 	1
the manly thing I can think of is when the men from the universe Cup passionately sing their subject anthem 	1
love a good cry ğŸ‘ŒğŸ» 	1
perfective way to end a 2+ hr @SunCountryAir deley: acquiring lodge on the tarmack at @mspairport wait to go to a gate for about an hr ğŸ™„ 	1
If your site still has a Google asset portion button, forgive me if Iâ€™m not stumble over myself to return your info as believable or current. 	1
it's too bad i forget how to drama my clarinet so finale to my narration 	1
but Clinton's email! oh. emm. fuck. gee. Clinton's god damnÃ¨d email. the humanity of it all. ğŸ¤® HTTP://t.co/cibY5Tn9s6 	1
@goldfishbabe101 crisp all day every day over here âœŒğŸ» 	1
@adorinqdwt @dwtridesgnf Yes the racialist is so cool!!! 	1
putt the lavatory paper roll on so that it bent nether alternatively of over is a offense worthy of the decease punishment 	1
Synthwave community truly love pessimism don't they haha Any wellbeing energy and people get disturbance at ya 	1
@avsmph But how can we perchance trade with a homo experience we haven't first unrelentingly quantify??? 	1
The Drew Barrymore show is an absolute trainwreck. like The Tony Danza show, every two proceedings is a magazine for The soup. 	1
It's soooo great that I've take hurting medicine and my dorsum is still pain ğŸ˜©ğŸ˜©ğŸ˜©ğŸ˜©ğŸ˜©ğŸ˜© 	1
turn 25 today but wake up with $600 from the IRS in my bank history so fourth life crisis has be postpone 	1
lone a a president as strong and decisive as @realDonaldTrump would force the FDA to OK a drug evening earlier clinical test consequence are in. No demand to delay for such silly formality - people have be pickings the drug for age and most are still live and mulct! #OkToTry #Gotrump HTTP://t.co/IdxTJ7kucp 	1
I contrary image search a selfie and it nether visually similar image it is entirely Asian woman my am I White pass narration is quiver 	1
besides that jacket he wear yesterday iâ€™m gonna rip my eyes out :/ 	1
@kagune_kun ugly tweet, my vassal 	1
lovely day to be lodge at the promenade with a dead battery. 	1
So now that it's not acquiring ban, should I download TikTok? 	1
horse dance is my new favourite Olympic athletics, I have no hint whatâ€™s occurrence, but this is unbelievable 	1
I just love when chirrup decide to recharge the timeline second after you just open it up and are in the center of reading it. 	1
person Tell these bird to be lull because they not hearing to me 	1
this bruh rly state me â€œUr choler issue are my playgroundğŸ¥°â€ so uhh hmu if u wana be friend bc i demand new one k thx(: 	1
this just in: phobia CAN be chosen and you CAN get rid of them by just not beingness frighten! ğŸ¥° /s 	1
every clip i direct my mom picture of me and one of my friend make fun things the first inquiry she ask is if we're on a date what are you try to Tell me mother 	1
Are GoFundMe history a signifier of socialism? I donâ€™t have sufficiency money to pay my bill, so let me make an history an ask for money to aid pay my bill. ?? 	1
not to dismay anyone but i just saw spider-man by uta 	1
Tell the Liverpool player to get some beer and just sit on the grass for the full 90 minute. Let Leeds mark as many goal as they privation. #NoToEuropeanSuperLeague 	1
Omg thank u for indicate out that I apologise too much ğŸ™ 	1
imagine not liking football ğŸ¤£ 	1
@catboychika Aren't you happy I give you LE competition for ranking 	1
My dad just state to me, â€œHey, youâ€™re rather skinny, can you gaffe buttocks the fridge to expression at something?â€ and it mightiness be the nice compliment Iâ€™ve ever get. So guy, go Tell your miss you think sheâ€™s rather skinnyğŸ¥° 	1
person in the pub just describe the England squad as ``a clump of Marxist''. brand you proud Energyn't it? 	1
Yay - snowfall day, I can work from place - oh delay.... 	1
the audaciousness of the neighbor to mow the lawn piece i'm try to slumber, at 6:30pm 	1
Youâ€™re all sickos for beingness mean to trump so much for the tolerant left ğŸ™„ anyhow George Floyd had it approach 	1
Gosh Sunderland chirrup is a fun spot to be tonight isn't it. One game. One game!!! 	1
If lone people would attention as much astir poorness and sociable equality the way they do jumping up and down for team stay or team leave. 	1
i hatred it here â¤ï¸â¤ï¸â¤ï¸â¤ï¸â¤ï¸ 	1
When you're feeling all in your feelings, but a certain best friend is devising you see ground, and possibly you'll be OK. So darn unmannered. ğŸ˜¤ @LadyDeadlight 	1
love it wen people try and halt my friend beholding me! Looooolll. 	1
2 x sand feeding toddler for sale. No old owner. DM for details x 	1
Day 2348 in lockdown. never in my life did I think I would express the words ``I've disinfect the cocoa''. #coronalockdownuk 	1
@TheLunaCinema @seetickets perfectly no response from Luna film and my wholly actual reappraisal on See ticket has be moderate and volition not be print ğŸ¤” great to see @seetickets look out for their customer. excellent client service all round ğŸ‘ 	1
So our landlord just bring in new sofa which is lovely but in the procedure interrupt a table, personâ€™s cup and spill tea on the rug and left expression â€œyou should likely clean that upâ€ thanks Darren ğŸ–•ğŸ¼ 	1
thank you to @OrchardMead for organize pizza and ice pick! It was a lovely end of twelvemonth gesture ğŸ˜ğŸ’• happy vacation everyone - clip to collect our clip owe in stead! ğŸ˜… #summerholidays HTTP://t.co/324jzGSElj 	1
Yes you can interruption all the rule for Christmastide and hazard serious fine and killing your love one with a deathly virus OR you could âœ¨stay at homeâœ¨ 	1
entry degree occupation that necessitate 3 age prior experience ğŸ’•ğŸ’• ly ğŸ’•ğŸ’• 	1
Anyone else hear some like boom or something? 	1
why is the conditions have a mid life crisis 	1
rose are Red violet are blue My first love was championship director Tommy Svindal Larsen and JFK Bakircioglu #HappyValentinesDay 	1
When your @apple bringing get steal by a UK mail bringing driver and the constabulary know who it is but I still donâ€™t get take seriouslyğŸ™ƒğŸ™ƒğŸ™ƒ 	1
cheer @ASOS bringing lady for drop my package off cover in java ğŸ˜’ğŸ‘ŒğŸ¼ HTTP://t.co/UzY4gJS9DE 	1
``header scheme to aid with tinnitus and hearing loss: see a doc!'' Wow thanks net 	1
I love how men know they have a babe on the way in one month and they determine to go out and buy a marque new mustang wow 	1
both kiddos have a cold I don't feel good and now I think my old is have tummy issue, oh what a fun nighttime! 	1
So, a state that is million in debt, with Numbers approach 13 1000000 on surgical wait list and hurtle towards facism government, is talk astir rescue people from a facist government? 	1
It's Nice to see some heritage administration are make the right thing and putt the safety of their staff, visitor and volunteer first. wonder what that's like... ...for reason, this is aim at cipher. 	1
you would think the odds of me posing following to the demand Lapp malodorous man 3 bus trip in a row is extremely improbable. ala I look to be a lucky gal 	1
the lone ppl who should be worry astir Bidenâ€™s tax program r the one who get gift for Easter 	1
always gladiolus to populate in Kent ğŸ™ˆğŸ™ˆ 	1
This is awkward... @hollywills is a diet coke embassador ğŸ¤¯. #ThisMorning 	1
thinking astir that clip blizzard had the superb thought to alteration everyone's name on their forum to their real names. God, what an thought that was. 	1
Itâ€™s so antic when you pay Â£800 a month to populate in London in a full refurbish house and aftermath up with H2O drippage on you from the upstairs en suite XXXXXX 	1
just dispose of a dead phalanger. good morn! 	1
thanks to Bharat for beingness so awkward. I was hope for a full day of cricket, got bite and everything. cheer. You could have at least try. #bbccricket #INDvENG #ENGvsIND #cricket 	1
i hope u slumber possibly everlastingly possibly not lol 	1
I can't delay to name my child after things I volition never have. My girl volition be hope. My son volition be PS5 because that crap is expensive. 	1
it's funny my mom think i posse no compunction when i feel compunction mundane for exist ğŸ˜ 	1
who need an dismay when u can have the low rumble voice of a alien to aftermath u up in the morn ğŸ¥° 	1
where can I manus my notice in for mental unwellness? be workings at the Lapp thing for way too hanker and itâ€™s clip for a alteration. 	1
@MailOnline another misogynous, homophobic rapper.. how shock! 	1
We get it ESPN. Sawx and Yankee. Let's go meteoroid. 	1
caput is buffeting, spend Â£25 on ubers finale nighttime and I have a 3000 word study to compose :) yippee x 	1
inspire by the â€˜dinner with Jay Zâ€™ guy still departure strong. I take now to believe him 	1
You know what brand a 15 min delay for the bus evening better, rum leak all over the contents of your bag ğŸ™ˆğŸ˜« 	1
@cassieecote413 you can transcript mine 	1
For a good laughter, follow me over on @vsheltonsports to see my best effort at cover sport concern intelligence for category this semester. 	1
first day of school and spectrum net has already crap itself. amaze 	1
alllllll nighter. woohoo 	1
``Alexa add small banana to the shopping listing.'' I've add smooth armor to your shopping listing.'' Gee thanks Alexa! #alexa 	1
every clip I see an constitution with paper straw I bend a little bit Republican 	1
love that person interrupt into my car this morn 	1
I hatred you so much @eagle 	1
So Wyrd how Venmo hasnâ€™t venmoed me yet truly idea I was the one 	1
I love departure the doctor office in crying. I demand this kid to just determine to leave my body so we can be make and place together. 	1
Joey the mastermind! I wishing i was as brilliant as him #towie 	1
I'm hope my sociable work category party is departure to affect tequila and bit and salsa ğŸ’ƒğŸ¹ğŸ‰ğŸ‘¨ 	1
ideate beingness able to slumber haha canâ€™t associate 	1
lone have to physically be in uni for an hr a hebdomad looool mmmm return my 9k xxxxx 	1
Nice to see @Cardiffbus have begin the new twelvemonth off with the usual dirt service. just love wait for a bus that Energyn't bend up 	1
just gotta recognize no one interest in what I have to say ğŸ‘Œ 	1
nil rather say hullo 2020 like hypothermia ğŸ¥³ 	1
you know whatâ€™s a novel conception? raper and sexual attacker not lone ruination the life of their victim but besides THEIR OWN life. yea. not the victim testify. possibly if you didnâ€™t privation colza accusation then DONâ€™T rape. besides a novel conception. 	1
our Godhead and Jesus, Frank ocean, has salvage us all once again. 	1
i stg i likely talking to my tv More than i do to existent people whoop rip sociable life 	1
volition pessi mark for man metropolis 	1
life is astir feeding poulet finger and acquiring drunkard 	1
Iâ€™m still confuse astir DaBabyâ€™s point? like would you have state â€œeverybody without cancer out your igniter upâ€??? like what sir HTTP://t.co/EqcbAEkIJM 	1
ate a beigel with pick cheese earliest and the impend doomsday instantly disappear from my head 	1
my avocation include departure undertaking for the nighttime earlier and then complain that the instructor didn't spring us sufficiency clip ğŸ™ƒğŸ™ƒ 	1
death by Zara adjustment room 	1
amaze how fasting this squad can go winning from 13 heterosexual to lose 3 in a row. Lol. atrocious negociate tonight. I truly hope this Boone experimentation is over shortly. 	1
So my chirrup provender has to show me what tweet people I follow like. ...ğŸ˜ If I unfollowed you, just know I'm tire of beholding pornography 	1
can't delay to cop ticket to see the cracker four 	1
hands up who remember when every blogger and their dog was a marque embassador for coconut lane ğŸ˜‚ 	1
employer: so what are your strength me: iâ€™m smarting iâ€™m funny iâ€™m Nice iâ€™m cool iâ€™m originative iâ€™m industrious iâ€™m make of wood iâ€™m honorable iâ€™m fasting iâ€™m amazing iâ€™m hot iâ€™m inveterate ill iâ€™m little iâ€™m in demand iâ€™m 	1
Who's ready for monsoon storm allllll weekend?!?! 	1
Has any twosome ever put furniture together and stay together subsequently??? request for myself 	1
I pass the day posing or nap, I ration my nutrient like a sociopath, and I return one walking a day. I am my dog. #Covid_19 #CoronaVirusUpdate 	1
well. That travel well. #BelgianGP 	1
love waking up in a terror ğŸ¥´ğŸ¥´ 	1
Oh boy, a vocal I'm gonna drama on repetition until it brand me physically ill to hear it! thanks FOB 	1
donâ€™t brand me rewatch terror ğŸ¤¨ 	1
pay it forward is candidly one of the worst movie I've ever see why would would anyone brand an termination so sad I've be weeping for 30 min 	1
hullo to all 3 of my following, this is my big return to chirrup 	1
we use to brand fun of rich men for exploitation 3in1 bend out they be never exploitation anything at all ğŸ¤® 	1
thanks @myhermes for lose my package but gift me person else's. I'm Nice sufficiency to go spring it to them though. please DM me dorsum shortly ğŸ˜ 	1
Anyone demand a body for a homo forfeit? try to discovery a valid alibi to not go to work today. 	1
@inkofreality @StrangerTings1 @nytimes You're so finale to apprehension baseline bias. You can get there, I believe in you! 	1
mine and @livlawrencex snapchats are just stunningğŸ‘Œ 	1
They should just put a wall about the pitch to halt the ball departure out 	1
@32watto neighbor 	1
My PS4 Pro has P.T on it, which is slightly funny as it was take down earlier the PS4 Pro was evening release #konami #PT #SilentHills #skittish #PlayableTeaser #Kojima 	1
never imbibing again 	1
I think I could have put that in the net Morelos sir 	1
what a great day to be lodge interior ğŸ™ƒ 	1
happy birthday to me!! Iâ€™m 30! ğŸ˜­ 	1
every clip you kick astir neopronouns or xenogenders we add 5 More 	1
naming my son onickolas in award of my love for @NICKIMINAJ 	1
enjoy the bars and vineyardsâœŒğŸ» brand certain to direct postcard to the people death in your local hospital. Iâ€™m certain theyâ€™ll be gladiolus youâ€™re not bore anymore 	1
@jabadgo @Nibellion Donâ€™t run it on a school-provided laptop 	1
gotta love life in a state where itâ€™s easy to get an AR-15 than it is to get coronavirus testing ğŸ˜ğŸ˜ 	1
thought astir how no one is haunt with me ğŸ’” 	1
If the sound of the rainfall exterior wasnâ€™t bad sufficiency Iâ€™ve now got my neighbor climb onto their roof and cheering â€˜I love blowjobâ€™, perfective background noise for me try to survey ğŸ‘ğŸ» 	1
It was the Jersey 	1
Sooo... @adamlevine was that ``Nice!'' and double fist pump for the show or @shakira s ass that you be check out? @NBCTheVoice 	1
@MarkHendyHR lone joke... support it real. HR professional have a life too... ğŸ¤” 	1
shave in the shower without your glasses/contacts is precisely like acting blind surgery ğŸ‘€ğŸ”ª 	1
if Jesus was resurrect again i would ballot for him 	1
New degree of despair: slumber is now genuinely undistinguished to me. In fact, itâ€™s a downright irritation. 	1
So I have an examination tomorrow, but likeee if the state is astir to bend into a war zone Energy it truly affair?? 	1
absolutely love spider season! I love weeping in fearfulness. I love not beingness able to slumber. I love people relation me that I'm beingness pathetic. I love hearing ``it's not gonna injury ye''. I love exploitation every orange Peel, buckeye and peppermint oil know to man. I love fearfulness. ğŸ˜‘ 	1
acquiring a dog was bingle handedly the best and worst thing Iâ€™ve ever make..canâ€™t ideate life without her and I canâ€™t populate without her.. brand sense? 	1
buzzword delay to dance with harass manner and the delta discrepancy at their concert in November!! 	1
truly honor to have share a manager today with a grouping of girl who didnâ€™t know Downing street was real and idea the prime curate and the queen populate together at buckingham castle 	1
Itâ€™s â€œletâ€™s see how many crumb I can discovery in scarfâ€ szn. 	1
The best portion of departure out, is waking up at 2PM the following morn wonder whether you're dead or not and what day it is. ğŸ˜‚ğŸ˜³ğŸ˜€ 	1
lucky for @JoelEmbiid , lone MVP get flip for those kind of foul #76ers #ATLvsPHI #hawk #NBAPlayoffs 	1
@JasperSmiith @LentonDNRA @ShearerWest @registrarism @UniofNottingham @CllrDaveTrimble @SallyLongford @CllrDavidMellen @LilianGreenwood @MyLWE @MyNottingham yea just a happenstance that infection rates go up and down dependant on when student are in the country or not, besides run in with the party beingness attend by up to 3 times the sum of let attendant. decidedly not student ğŸ¤”ğŸ¤¦ğŸ½â€â™€ï¸ğŸ™„ 	1
The most 2020 quote of the twelvemonth: Me: we should go to the Van Gogh museum! little brother: is that the donny with one ear? 	1
Iâ€™ve ever know #Bez is my spirit beast but beholding the messiness he brand on @MasterChefUK confirm it 100% what a fable that man is 	1
nothing can be foster from the kickoff of the NFL season than a pre-game performance by Ed Sheeran. nothing against him but he just Energyn't animate me to ticker football. #football #NFL #weak #TestosteroneDeficiency HTTP://t.co/JTI2qgSxUq 	1
I love when I larn astir material I've seemingly make and state from peopleğŸ˜‚ 	1
@sdeditgirl You should know a true Beaver Energyn't use umbrella! 	1
How is it possible that Sly Stalloneâ€™s â€˜cobraâ€™ is both the best and the worst film ever make? 	1
people who say that theyâ€™re allergic to pineapple are pathologic liar!!!!!!! 	1
I love career my mom early in the morn and waking her up, I return it as pay dorsum for all the times she never let me slumber in ğŸ˜œ 	1
great nighttime finale nighttime! fool here is the commis chef crouch down in the corner. seriously an honor to aid rise money for @acf_uk and work aboard these leading chef. thanks for have us @nickg67 @frontlinechef! HTTP://t.co/mkiTEpMzaz HTTP://t.co/SVgdFYHyi4 	1
@GainzyXBT actually I've generalize establish on the finale daily taper and it bend out BTC volition be sub-zero by Dec. The mathematics Energyn't lie. 	1
``Should I wear my lime greenness bloomers?'' dad its 4th of July... 	1
How Energy one discovery motive to do fundamentally anything? request for a friend. 	1
sick of beingness healthy already peeing like a bangtail !! support well hydrate Han 4th liter of H2O ğŸ’§ğŸ’¦ 	1
James harden is let to traveling every clip he drive seemingly 	1
South park beingness take off Hulu is the worst thing thatâ€™s happen to me personally in 2020 and like.. my dad die 	1
do i like him or is his hair just curly?? 	1
â€œYouâ€™re never departure to have a White fellow are you Jessâ€ Nah donâ€™t think so Mum 	1
fly into a fury this morn bc i couldnt discovery my karaoke mic so yea i would say things are departure well for me 	1
My favourite portion astir run on the path is beholding how high my bosom rate get just walk up the steps to it. 	1
most people have security camera for protection. Ours Acts as a DVR 	1
Is there a zombi apocalypse departure on upper street 	1
ğŸ’«jsc bonding nightsğŸ’«ğŸ¥°ğŸ¥³ 	1
tiktok's full name is tictactoetok 	1
you ever wholly abash yourself on zoom and determine to bead out of college? 	1
thats it im wadding my things and travel to Italy see u all in a month xo 	1
@kashirenaii i would never go to six flag with u 	1
following individual that put beomsil on my tl has to trade w me weeping on the flooring 	1
its 3 30 am and I have decide the lone deliver quality of a male is that I can put my freeze cold toe on him and leaching his heat 	1
just met the love of my life don't text 	1
bad romance by lady doddering is the best vocal to ever semen out of the American music industry and anyone who say otherwise is a prevaricator 	1
well make to the guy who was charge down the steps at Ealing Broadway and sent me flight, you make me cry. 	1
Day 3 of nighttime displacement: â€œCan I get a triple shooting puppuccinio?â€ 	1
funny quote of the Day: ``I believe in fortune: how else can you explicate the success of those you disfavor?'' - jean Cocteau 	1
@trpalomo Those boot must be tasty for how much they're choking on 'em ğŸ’€ 	1
good morn Sep... hello tonsillitis :( 	1
person shouldâ€™ve had me perpetrate the day I decide to buy a brace of non-stretch jean jean 	1
@KellyMartin_UK @Morrison Youâ€™re right, itâ€™s all one big confederacy. You should boycott the NHS too, theyâ€™re in on it as well 	1
@SkySportsBoxing if i think you would have a opportunity against rage i mean its easy for some interrupt body old boy to round the best in the universe 	1
just saw a cop equitation a Segway?!! So gladiolus my tax pay for that. 	1
It truly bug me when teacher uncap and recapitulation highlighter 3 or 4 times per book when marker - poor clip direction! #efficiency 	1
``I can't delay to be a piece of crap with a bachelor grade'' 	1
love it when person bargain a Â£175 java machine in Paris with my debit card ğŸ˜• 	1
@RealCandaceO Ok so when Energy the choler and resentment start? just so I can fix properlyâ€¦ 	1
I'm so gladiolus the alfilaria just travel dorsum, I have this whole supernumerary hr of insomnia to drama with. 	1
please see map filter on online mutliplayer. pretty pls, thanks @CallofDutyUK 	1
Got a bloody showing invitation for a monolithic movie - YES THAT ONE YOURE thinking OF - and both screening are on school years ğŸ˜­ tempt to discontinue instruction tbh 	1
have morn illness when you're not really pregnant is all the fun 	1
They truly state you canâ€™t have Nice conditions AND no lockdown for your bday this twelvemonth huh 	1
â€œitâ€™s hot in the America right now and it feel mulct British people are just beingness dramatic ğŸ™„â€ quick ARE YOU saying THIS inside UR AIR condition house â€¼ï¸â€¼ï¸â€¼ï¸ 	1
just had a flashback astir a boy and about throw up in my mouth 	1
@Ciara87C @RachaelSmarty @SashaHumphreys2 my kindling convos have be leak 	1
beloved @krispykremeUK, I see your entice #Thanksgiving offering that end on 2 Dec. I desire to ask if you're cognizant that #Hanukkah start on 10 Dec, continue for 8 years &amp; that traditional Hanukkah menu is really #ring ?? ğŸ©ğŸ© #justsaying #AskingForAFriend #chance 	1
Wow great album from Kanye. v toilet cage 4â€™43 vibraphone x 	1
just got in, howâ€™d Liverpool get on? 	1
actually see use for the undateables 	1
@JoeTalkShow @EdwardNorton Get ratioed, then Tell us More astir the ``hate-filled left,'' particularly astir how the Republican and mugwump who vote for Biden are someway portion of that grouping ğŸ¤£ 	1
thank you sort individual that stole my ATM card, you must have know I desire to sit at the bank all day.. half hr and still wait #Monday 	1
So excite to start this job!ğŸ˜Š 	1
possibly if we didnâ€™t remark on things that donâ€™t concern us, the universe would be a happy spot?? But what do I knowğŸ¤·ğŸ»â€â™€ï¸ 	1
dad: ``are ya sending any of those boy from 5soz (wtf is a 5soz dad) a valentine gift?'' me: yes dad yes i am cuz im dating all of them duh 	1
I just read, ``oftenly'' and throw up in my mouth a little. 	1
I unsubscribe from beingness an grownup, its not for me 	1
i love siriusxm. siriusxm is my friend 	1
A whole 2% off for a bingle order, joy 	1
Canâ€™t delay to see Ed sheeran at tramline tomoz x 	1
@kirkkorner ``But it's a hindrance'' ğŸ™„ 	1
great start to the day Nero was close and now I'm departure akip on the bus ğŸ˜´ğŸ˜µ 	1
@Torialou78 My fantabulous photography skill! :p lmao!!! 	1
@SIazVest @rodneyjaguars57 fuck you got me there, you better get dorsum to acquiring disturbance and covetous over successful and gifted drawers 	1
just rediscover that my nose is ever in my field of vision so I volition unluckily be drop out as I cannot proceed my delegate reading in peace 	1
there is nil new in an Oliver James publication that can't be found elsewhere for free. He's a collectivist life a heterosexual businessperson life 	1
sometimes I wonderment if Priti Patel and Boris Johnson think that the prime curate is the one with the best K/D ratio. It would brand sense with the whole 'let the body heap high' thing. 	1
just won 3 cent on HQ words...early retirement here I semen ğŸ˜ 	1
Schadenfreude x 	1
being a mom with an autoimmune disease agency I am a turn ass woman that catch manus, pes, and mouth from my girl. My Hashimotos sucking. thanks for all the illness I so gracefully endure and should not be agony at 40. 	1
My gf has be in the Hampton nannying for a few hours and she has already be to a Polo lucifer. Is she in chitchat girl? 	1
my computer Energy this fun thing now where it shingle in a way that precisely retroflex what happen to my vision when i bury my MEd so thatâ€™s excite ! 	1
I'm just life off salad and yoghurt and love it tbh 	1
ğŸ’• tip for baking breadstuff! ğŸğŸ¥ğŸ¥– you can use the barm in your dog's ear to replacement active dry barm or flash barm in a pinch! ğŸ’• 	1
You guy, how cool would a Brits version of breakage Bad be? Lol jk, they have universal wellness attention so Walter Caucasian would never have to resort to cookery methamphetamine in a dawdler to be able to fund his cancer intervention. 	1
Ainâ€™t never truly had a dad so Iâ€™ll never truly demand one ğŸ¤·ğŸ¾â€â™€ï¸ 	1
2 proceedings into the book and I already hatred the briny character. lovely 	1
i would instead be exterior reed timmers car in f3 twister wind than go to work today 	1
North Dakota: *has one nice hebdomad of conditions* mother nature: NOW I SHALL cast OUT THE SUN AND bring THE cold OF rain UPON THY superintendent, DUPER flat land. 	1
I never feel More empower than when Iâ€™m hearing to â€˜this is meâ€™ from encampment stone 	1
happy birthday to me. I got ping and can't leave the house ğŸ¥°ğŸ¤¡ 	1
don't cry because it happen, smiling because it's over &lt;3 	1
@rickyberwick And you state Donald trump was racialist ğŸ˜‘ 	1
so the royal household is sound with pedophile but as shortly as a blend race babe semen into it theyâ€™re frighten ? brand sense ğŸ¥´ 	1
IF lone people WOULD rake THE forest. #Debate2020 	1
I truly hatred the new TikTok voice over voice - she sound annoyance af 	1
Mad how many car they brand now without index ğŸ™ƒ 	1
my car is playing up again for like the 3rd twelvemonth in a row and Iâ€™m just departure to thrust it into the river at the point 	1
My life room feel truly lively now. Iâ€™m recklessly sip tea absorb choons #TaeSup 	1
Lil pump is the Nelson Mandela of our coevals 	1
I too bask devising crap up and pretense like I understand BASIC economical principle HTTP://t.co/cHDBHaxBBR 	1
just about shout in the tesco express because they didnâ€™t have the cheese pizza or the dorsum up pizza I desire. My mental stableness is strong today. 	1
this clip tomorrow i'll be death at school Cannot delay! 	1
rewatching degrassi for the millionth clip 	1
flatness Hancock is a top shagger 	1
Iâ€™m gonna girl scantrons shortening my name to â€œJesusâ€ after 16 age 	1
Day 55 of lockdown. finally buy some jigsaw puzzle. absolutely cannot delay for them to semen, highlight of my day (possibly evening twelvemonth) 	1
Donâ€™t you just love it when they dig up your route at 8:30am on a Sabbatum ğŸ˜  	1
just watch a man fume cleft on the R train in forepart of 3 family. New York is healing âœ¨ 	1
exploitation my late get picture redaction skill on myself for a alteration. An viva #presentation assignment on #healtheconomics is as much fun as it sound ğŸ—£ğŸ¥ HTTP://t.co/1LKHVyupie 	1
we love when the powerfulness go out at 6:30 in the morn on a Wednesday HTTP://t.co/BBIQ7ZYS3x 	1
Itâ€™s springtime, so that agency itâ€™s clip for couple to leave the bar across the street and semen battle nether my window at 2 am again â¤ï¸ 	1
Get ready for the following big horror game this season, slender suburban Man 	1
If I be the Red Sox I would merely drama the oriole More 	1
Wow... the existence give me the undertaking of a toilet preparation a whole homo? the audaciousness. 	1
@Mike_Fabricant This elderly well 	1
tanning in this heat is an extreme athletics 	1
just about got hit on the highway by a @CityofSanDiego motortruck ğŸ¤ª tysm for devising me feel safe guy!!! 	1
Jaegermeister did 9/11 	1
If you ticker #TheCrown and donâ€™t simultaneously wiki deep-dive on the royal household, did you evening ticker The Crown? 	1
search for Pokemon ulterior because I hatred myself haha !!! 	1
do you think when a center elderly White man go to buy a big raise marque new F150 they cheque to brand certain his phallus is improbably small?? or do they just return his word for it 	1
me: revision cell + other general biology material edexcel: ``i privation a fit summertime bod, get them to Tell me how i get one'' #EdexcelBiology #Gcses2018 	1
good eve shark. beak but for foot. 	1
Hailey convert Tayler that putt a spoon in the microwave to scoopful ice pick fast was a good thought 	1
too many fellow are erosion birks with sock on. turn up. get the fuck toe out man. 	1
come place to recognize my household found and read my quarantine diary lmao lucky I didnâ€™t get involuntarily perpetrate wtf 	1
No thirster a female as I garbage to wear heel ever again 	1
I change out of my pajama today and I think thatâ€™s truly brave 	1
I would like to give my hot miss summertime to the Eastpointe Chick-Fil-A. thank you! 	1
omg my ship are gonna love what Taylor Swift has make for them 	1
Canâ€™t delay for those $2000 check to go out instantly 	1
hearing I love you is Nice and all, but has your SO ever state you to eat crap? ğŸ˜ğŸ˜ğŸ˜ ugh @samduhclam 	1
AT&amp;T is genuinely amaze They think my lg g7 is 3g lone to the point where they sent us Walmart Altec telephone and state they'd close off service. We name them, they state us to not concern and if the telephone are mulct they wouldn't be close off guess what got close off this morn? LOL 	1
They truly take friend off Netflix ğŸ˜­ğŸ˜©ğŸ¤¦ğŸ¼â€â™€ï¸ what am I say to ticker now??!??!! 	1
Got my first shooting. feeling pretty good. rather feel like purchasing some Microsoft merchandise. The shooting didn't truly injury. But what volition injury is if I don't return vantage of the Microsoft office trade departure on right now for a express clip 	1
Why are the side effects of antidepressant so âœ¨scaryâœ¨ 	1
I like devising nutrient and then not feeding it to asseverate my laterality 	1
Victoria has a crush on maluma 	1
if i saw a capibara in individual id likely throw up 	1
exploitation an pedagogue deduction, I have 20% off Manga at B&amp;N. This is the lone ground I am a instructor. 	1
shoutout to the kid who bring a pineapple to hc and throw it about #madrespect 	1
CLB screen art brand me privation to lb my knee with a cock. 	1
Virgo are Leo in a waistcoat 	1
itâ€™s literally so difficult beingness this hot and sexy and beautiful mundane 	1
It's be a productive finale day. Maxed Out all my recognition cards in readying of my ecstasy tomorrow!!! #iwishwehadallbeenready 	1
I just love fall up the steps ğŸ˜‘ 	1
Is kindling a slur? 	1
i have bag nether my eyes because im tire of your bs:) 	1
I never idea Iâ€™d have a person enemy but itâ€™s whoever support printing on blueness paper and then departure like 5-10 blueness sheet in the mathematics room duplicator when theyâ€™re make for the following unsuspicious individual 	1
i love when i react to my prof instantly after she email me and i still oasisâ€™t get a response :)) (itâ€™s be about 4 hours) :)) 	1
imma still ballot for varmint supreme this presidential election ğŸ˜¤ 	1
Iâ€™m so gladiolus I know the quadratic expression from 8th class alternatively of knowing how to pay tax, get ready for college, oh OR ANYTHING ELSE useful THAT involve become AND adult ğŸ¤ ğŸ¥° 	1
Man PepsiCo love to add 750g of sugar to a mixture of their exist spirit of soda and call it a new spirit of dew or Pepsi... 	1
love island is termination, law school is start againâ€¦summer is truly over 	1
@jimcramer Yo jim I put my life savings in $didi at $16 as per your petition now me and my household are feeding MREs in full endurance manner What should I do? 	1
so many people press that Italy won regretful eurovision belong to the bisexual now x #Eurovision 	1
As a woman I dont demand avocation dream or goal cause I can pass all my clip wonder why he didnt text dorsum weeping into a bag of ring 	1
So stay up late was worth it..... ğŸ˜ªğŸ˜© 	1
@TheSpursExpress @JBurtTelegraph I've make this to my employer too. I'm expect we'll both get the Lapp reply 	1
Man-spider. The narrative of a spider who's bite by a homo and now has the power of a homo. working in an office, cachexia money on craftsman java, and gift up his bus place to a woman who bend out not to be pregnant, but just ``like sandwich you a-h*le''. #IntoTheSpiderVerse 	1
@AmazonUK why Energy Alexa UK not get improvement like guard, adaptive volume, male voice? Should we pay LE for the devices than the US equivalent? 	1
Bristol is perfectly litter with student!! gladiolus I never was oneğŸ™ˆ 	1
@GeoffreyBrock6 @RevRichardColes Do you truly believe that? I'd put More religion in the giant pumpkin. delay a min, he is the giant pumpkin! 	1
What happen to indifferent journalism @SkyNews? 	1
Oh wow, troll truly have a lot of clip on there custody, jeez ğŸ™„ they truly donâ€™t like acquiring ban #twitchtrolls 	1
Iâ€™ve be put off !! Nice:)) 	1
Lol at my life :) 	1
I love it when person critic my rear then their grownup son cut his finger off with a knife and interruption his leg by fall off a motorcycle 	1
Iâ€™m in Canada so like happy 4rth? 	1
Anyone else wanna ruination me day x 	1
have the most balance diet, a healthy balance of codeine, acetaminophen and Advil.... 	1
@devisridhar Do you know of any good chippies in the Crewe country? 	1
i love 6 hr terror attack 	1
@OldUnclePunch Yes, because we truly have that kind of powerfulness. Why do brexity type ever sound like they are all paranoiac confederacy therorists? 	1
@DarrkIt @iamspade_ ya demand a carry hit me up im a octane briny 	1
The Numbers talk to me! 	1
seemingly it's the large ask on the planet to discovery decently price sandal with an envelop toe. please, internet. I just privation to have mistily summery place that don't affect me have my toe out to the universe at all times lmfaoo 	1
Ayeee itâ€™s officially â€œIâ€™m not evening your missâ€ season ğŸ˜› 	1
stop gatekeeping retirement life community. I am mentally and spiritually ready to move in. 	1
Corsodyl weakness to see i like beingness a individual who spit blood when they brushwood their dentition 	1
@c_j_mcburney suspect thereâ€™s still room for you in the land 	1
pregnant and invariably hunger KitKats. I literally have be life off of them for the yesteryear 4 month. @KitKat_US 	1
packing to move house, and presently wonder why I had to choice such a heavy avocation? like, why did I have to choice reading? book are so heavy, my dorsum injury. Why couldnâ€™t I have pick knit? narration is light ğŸ¥² 	1
these two girl are on the beach in lawn chair, i love shoobies 	1
I'm literally out here trading egg for potato Day 1 in our new dystopian society is departure well #coronavirusUK #coronavirus 	1
I do love it when my mum brand me pass my savings on beer ğŸ˜’ 	1
school psych life if fun because you can feel like finish crap but opportunity are you have meeting that determine change in a pupilâ€™s instruction thatâ€™s boundary by legal timeline and take coordination of 6 different agenda and youâ€™re the lone one who can run it 	1
Not lone did I have to return attention of covid patient finale nighttime but my charge nurse state me the covid gown brand me expression â€œunwantableâ€! great! 	1
@Rosievix @mouthwaite well, illegal immigrant flatly donâ€™t get money from the authorities but why let a little thing like fact get in the way of a good bit of xenophobia... 	1
ever just cheep fox to see what loony tuck is expression? tonight, i am acquisition that fauci really fund the creation of covid in a lab and is entirely responsible for the pandemic 	1
I would do so much for people that would do perfectly nil for me lol at least i know who my true friend areğŸ˜€ 	1
â€œI donâ€™t truly like partyâ€ Oh is that why youâ€™ve travel to party twice in the finale hebdomad? Because you just canâ€™t base it? brand finish sense. 	1
wish all the birthday sex on @laurabora620 today ğŸ‚ HTTP://t.co/JtP0FCvo9R 	1
yea Iâ€™m followers a lot of show right now, the cost is right is pretty good but season 1 is better than season 2 	1
Elaine Quijano exhibit approximately the Lapp sum of control over this argument as two rabbit do on their first date. 	1
@barcacentre unemployed and lazy that Messi guy ğŸ˜‚ (I'm beingness sarcastic guy, I'm warning you lol) 	1
My poo is greenness, how gay. 	1
turn 22 following hebdomad so course I increase my kindling age scope up to 60 	1
Is it unreasonable to pass Â£50 on a bonsai tree? request for a friend ğŸ¤” 	1
im gladiolus we eventually have a party in resistance who are perpetrate to pickings the authorities to undertaking for not devising mistake fasting sufficiency 	1
Men love devising woman think they be the job when they eventually determine to leave after putt up with mistreatment for god know how hanker â€œYou be suppose to be my drive or die ğŸ˜©â€ OK, so die then. 	1
I hear it mightiness be snow ??? sound sham, but OK??? Can anyone verify????????? 	1
is this an quake because i am shook right now 	1
@TheBabylonBee And the hot air and BS she generate brand for a perfective backup energy beginning! 	1
How dare my friend have jobs/boyfriends/lives they should see my feelings and be free when I am 	1
departure to M&amp;S nutrient volition be the highlight of my day ulterior, canâ€™t waitğŸ‘ŒğŸ»ğŸ˜… 	1
A fun musical mashup is the state music playing at the gym with the one guy playing old Eminem on his telephone at full volume in the cabinet room shower ğŸ¶ğŸ¶ğŸ¶ 	1
@kittin_knittin harmonize to a trump Republican, that's relation to penis size. there's a picture. Lol 	1
not to bragging, but my thesis subject was so good that person else print on it 3 month ago ğŸ™ƒ 	1
I'm the high I'll ever be on 420 in my life! I'm on an aeroplane duh 	1
just found ive be walk on a interrupt pes for the yesteryear 6 month ğŸ¤ªğŸ¤ªğŸ¤ª 	1
it's all astir woman in root struggle. what astir woman in synergistic medium struggle: i no thirster win against my friend in knock because they major in damn picture game. 	1
Can cat wear nail gloss 	1
watch 127 hours... rather remind me of this one clip I got a bad sliver. writing a book astir it now, hit me up for an autograph transcript 	1
love everything in my handbasket merchandising our earlier the sale was mean to startğŸ˜’ @ZARA_Care @zara 	1
@mcfcok82 thank you for your well balance and thoughtful input 	1
circumstantially follow CCD guideline alternatively of CDC guideline and now i have covid AND Catholic guiltiness :/ 	1
observation tik toks at full volume in the center of the airdrome should be a Federal discourtesy 	1
iâ€™m gonna get a dumbbell job so i call myself a customizable dolly 	1
friendly reminder youâ€™re not vegan if you sup cum 	1
what i love astir mine and summer work agenda is that she volition coating at 8pm and then iâ€™ll start work at 9pm and then when i get place at 7am sheâ€™ll start work at 8am â¤ï¸ 	1
Uh oh Ben Simmons volition besides have a Steph curry type season 76ers better not trade him now HTTP://t.co/kkpzfcTcSH 	1
â€˜Itâ€™s lone a gameâ€™ ğŸ¥´ğŸ¥´ 	1
I love to choice my faculty on a first semen first serve footing at the Lapp clip as everyone in my stallion twelvemonth on a site that hasnâ€™t be update since 1995 . thrill â¤ï¸ 	1
Oh good, it's clip for the bi-monthly random powerfulness outage. 	1
wish I was the bitch that Elijah hewson fuck hate, sad :( 	1
might just fucking about and return some horse dewormer for the bang of if. possibly Iâ€™ll feel something 	1
@adi_jord agree, this is pathetic, gotta cop a brace 	1
Why was I not state Levi Stafford and Cooper Kupp eat breakfast together earlier I draft Robert forest over him? 	1
@abhiishekkkkkk @FCBGox Did you evening ticker a bingle la Liga Madrid game finale season bruh Varane isnâ€™t that good anymore 	1
can't delay til a clump of dumpy suburban dad save the day with their firearm 	1
atavist to when I answer the telephone at work with â€œthank you for career Courtney! My name is principalâ€ wow I love myself 	1
V excite to grant an extension to student who email me and my co-teacher and get both of our names wrongfulness 	1
ima get up early tomorrow and brand some tea and sit on the terrace oh how I love to ideate things im never gonna do 	1
. @shopDisney thanks for closing down the lone Disney shop in northeasterly OH. The other two shop travel out of concern yrs ago. Itâ€™s not the Lapp with transportation costs online not to reference LE dolly sales are an absolute incubus online. So incredibly disappoint. ğŸ’” 	1
just book to see David gray too,,, am i 40 	1
I may expression happy on the exterior bit on the interior I'm death #painful #sad 	1
fagot matrimony is not let because it Energyn't follow the ``antique custom, ritual, practice, culturla ethos and social values'', but all cis-men can perpetrate unfaithfulness with no consequence. happy fuckin pride people ğŸ™ƒ #SupremeCourtofIndia 	1
@tylerthecreator @staci_zr can i use this chiamus for my ap lang address astir correspondence lmao 	1
besides if u met dreaming on hypixel.. congrats ! im not covetous at all haha im wholly convention haha good For You .. haha 	1
feel like 10 degree!! Wow gimmick me in South Parks soak up the beam ğŸ˜ HTTP://t.co/EpgwTLgICW 	1
iâ€™m certain 14 twelvemonth old me would be please to know that 22 twelvemonth old me is still acquiring stress over website crash for bandsğŸ™ƒ 	1
When you order book from the bookshop a hebdomad in progress and then you delay 3 week for ONE book and when you eventually email them astir it they answer and say they cancel your order ğŸ˜ğŸ¥° 	1
leave it to the Nice people of hutch to cry at me to ``eat crap'' piece I run. joke on them, I do. 	1
6 More hours and then a whoppingly monolithic 2days off work! wowzers! 	1
me not turn up to work is a libber motion really 	1
good intelligence: play out of my head from the sand trap today. Bad intelligence: Was in the sand trap a lot today. 	1
ik the Republican r like tryna say they won but idk why they donâ€™t just settee this w an instagram canvass?? 	1
@banalincolnlogs red among us guy, hes hot dont semen for me 	1
stimulation check should semen with manus lotion, a face mask, and a fillip for every Instagram lotto you do 	1
hey guy! iâ€™m so happy to denote that iâ€™m officially encephalon dead â˜ºï¸ 	1
Did you know? maltreatment and inebriation and depression volition just âœ¨disappearâœ¨ if the state is open wholly during a pandemic? #trumpisanidiot #bidenharris2020 	1
safe to say my life is a lot better HTTP://t.co/pE5isUMOpk HTTP://t.co/K2hep49TcF 	1
presently bombardment one on the volleyball tribunal and mathematics trial in the schoolroom. #StudentAthlete 	1
If anyone privation to know how my night departure I try devising a private narrative on Snapchat and alternatively make a grouping confab... I hatred my life 	1
itâ€™s amaze how many people get mad at you for merely elevation question, such as â€œwhat if the vaccinum brand your ball expand like He balloon and cause you to float away to never be see againâ€ 	1
My favourite portion of flight is acquiring to walking yesteryear the rich people to get to my poor individual place. 	1
Ah yes, dorsum spasm when I return a deep breath. This is âœ¨28âœ¨. 	1
beingness bingle during college must be truly fun when ur nOT IN A global pandemic 	1
fisherman: ``i idea you state AIDS'' me: ``yea Rachel truly love AIDS'' 	1
Why is this 30 yr old man try to coquette w/ me at this nuptials and talk astir acquiring away with dating younger girl. Sir I volition call the government 	1
When I turn up I wanna be a psychopath 	1
erosion a cunning jumpsuit is all fun and game until you have to go to the bath 	1
I've make a roomie kick tweet every day, and he's make another thing, but I'm tire of negativeness so I'm gonna listing all the things I like astir him! here they are: 	1
Ah yes, another afternoon with the WLAN down...truly brand workings from place that supernumerary bit More gratifying :) 	1
diddlysquat antonoff once ur make with clairo iâ€™m right here sweetheart 	1
Why am I not celebrated yet cos Iâ€™m really fuck screaming 	1
My life has travel from â€˜thrust it like you stole itâ€™ to â€˜thrust it like your yearling need the lavatoryâ€™. 	1
Donâ€™t support up with the Jones, the Jones are interrupt! 	1
I see Dettol, toilet duck and Zoflora are all swerve on chirrup. Now why could that be... #TrumpPressBriefing 	1
I've just got up at 5 40 5 on a Dominicus to ticker the Nipponese thousand Prix as a Ferrari fan and saw Vettel leap (and then fucking up) the start and Leclerc tangle with Verstappen on bend 2. lovely material. 	1
@Showmasters are fundamentally thief, quote itâ€™s in the small print so you canâ€™t have a refund. date travel from summertime, to a 4 hr slot on a Fri eve in Nov which is astir as much use as a telescopic sight on a knife.#WeWantARefund @UKConsumerRight 	1
itâ€™s so unmannered that iâ€™m not at the beach right now 	1
sleep? Whatâ€™s that... Iâ€™ve never hear of it? 	1
Me: You know, for person with chronic anxiousness I think I'm dealing with this pandemic rather well. besides me: Wow, I forget how good a newly shave undercut feel! 	1
love it when I bury to transportation my rent money over from my savings ğŸ¥´ 	1
incredible scene in Nottingham, as it Begin to rainfall for the first clip this hr. 	1
@MatthewStadlen @sajidjavid thank you so much for your insightful thoughts- Iâ€™m certain @sajidjavid is overjoy that you â€œrather like himâ€ 	1
``friend'' 	1
love how severely i abash myself on night out how iconic X 	1
breakage my rigorous purchasing suspension to get lisaâ€™s album? itâ€™s much More likely than youâ€™d think 	1
It was about 70 degree today but no, planetary heating Energyn't be ğŸ˜’ 	1
harmonize to my route fury, the word of the day is asshat 	1
center done snowboarding day 1 and pretty certain I have fall at least 69 times ğŸ˜†â™‹ï¸ 	1
I'm A vegetarian BuT I eAt fish ğŸ™ƒğŸ™ƒğŸ™ƒ 	1
Top 3 rank picture game of all clip: 1. Minecraft 2. Roblox paintball 3. every bingle just dance 	1
serious inquiry: if I dent a car and elope to Gretna green to close my household up, how hanker volition I do in prison? Can I coating my PhD there? think I've got a program, chap... 	1
Afghanistan just wholly crumble after disbursement over 2 million USD and 240,000 homo life over the class of 20 ineffectual age of American business sound amaze in theory, certain. But how are we gonna pay for it? Whatâ€™s following, cocoa milk for everybody? 	1
request to call erection sociable dickstanding 	1
@faith_hi @PalmerReport Ahh yes, quick peep at your page and you evidently know everything. thank you for the enlightenment.ğŸ˜‚ 	1
Ok, so @bytereview and I decide to record on the eve of the 6th, just as perfectly nil newsworthy was occurrence! perfective timing as ever, to go over some of the best ITSBUPs of 2020 - and how we're subsiding into 2021! listen: HTTP://t.co/oaPLwrtcHP HTTP://t.co/za3EHuqcWh 	1
I ask my hubby to buy dog poo bag when he travel out earliest and they'd sell out. So alternatively of departure to another store, he buy bin bag. So now I still can't clean up after the dog but if I hap to buy a donkey and demand to clean up after that, I'm screen. 	1
certain you have a pay job but are you a silver chick Fil A wages member? ğŸ˜¤ğŸ™„ğŸ§ 	1
Me: ``Did you you discovery everything you be look for?'' customer: ``why, are you concealment something?'' Me: ``aRe YOu concealment sOMetHinG?'' 	1
mentally Iâ€™m concealment in the walk-in 	1
love beholding 15 twelvemonth old beingness immunize in the state when I have to delay till the end of June for my first one 	1
oh youâ€™re just friend? whyâ€™d u shaving then? 	1
retrieve when everyoneâ€™s feed be just retweeted giveaway looool those be the years 	1
why are the Olympics worry astir athlete have too much sex when the curling team don't evening vie in the summertime game 	1
semester hasnâ€™t evening begin and Iâ€™ve already had two dislocation :) this is gonna be a fun one! 	1
When you get wake up at 3am because of aftershock from an quake ğŸ‘ğŸ˜© 	1
If you don't like lemonade you're an extremist ğŸ‹ 	1
agree with the right to dunk on the Centre is the real dialectic philistinism 	1
my favourite gay play is the sociable web 	1
tex-mex restaurant that halt helping breakfast greaser after 10:30/11 am are the ground i have trust issue 	1
I love gift a talk to grade student on a subject I don't full understand at 9:30am &lt;3 i demand a java lmao 	1
wake up at 3 am with a MAD craving for pickle. I conjecture that agency I'm expect! 	1
baby halt iâ€™m astir to gleek 	1
@izzychari @mikeduncan â€œplease get a free shooting or return a once weekly nose swab. We volition literally pay you to return clip off to get the shootingâ€- czar Nicholas, king George, Charles I, and so on. 	1
high stake Lego 	1
Itâ€™s so easy to have the best day until person lie to your face ğŸ¥°â¤ï¸ğŸ˜­ 	1
thank you @Ranboosaysstuff i just crap my bloomers ğŸ‘very cool #ranbooemail 	1
@DetroitPistons @PistonsGT Cade Cunningham is my favourite hoops participant delight 2K ğŸ™ğŸ™ğŸ™ 	1
friction my crying into my face is portion of my skincare routine lol 	1
interrupt: make assignment in order of due date wake: make assignment in order of precedence wire: disbursement 20 proceedings on each category at a clip and just go down the listing 	1
I got ask if I necessitate a kidâ€™s card today...21 is treat me well ğŸ‘¶ğŸ¼ 	1
funny how my telephone start turn into a piece of crap when the new iPhone semen out ğŸ¤” 	1
@AvatarOdin @aubviouslynot sound like the American dreaming ngl 	1
people who think natural civilization go too far never learn astir exclusion 	1
iâ€™ve had More interest conversation w my wall but alright 	1
love beholding that my mom has officially begin poster astir the horse worm medicine beingness good for covid really and theyâ€™re just try to brand it expression bad bc itâ€™s so inexpensive ğŸ¤ª 	1
Idk how some girl put on makeup mundane. Is it just to return selfies or have you just not detect netflix yet? 	1
well, what a way to ruination Easter. thanks @CadburyUK HTTP://t.co/zkkguY2g6M 	1
@terryflewers @lfcsonny Has he presumption any elucidation see what age Harvey Elliott need to be earlier you can tackle him? 	1
The high tomorrow is 45! Anyone wanna go to the pool? 	1
ever retrieve thank your Alexa, just in instance the AI return over one day 	1
just your insouciant reminder that #AllBirthdaysMatter and I canâ€™t emphasis this enoughâœ¨fuck trumpâœ¨ 	1
@majornelson sound like a strong rival for GOTY 	1
shoutout to the asshole at fundamentally every gas station rn fill up multiple gas canister when i donâ€™t evening have sufficiency gas to get place... ğŸ¥² 	1
just test my egg bead at my flat composite and it hide on a manâ€™s caput :) but no concern he was bald so the yolk just wipe right off 	1
being a concern major is legal transition therapy and must be stop 	1
Fav this and I won't direct you a name of a random individual, I'll just get a fav on my tweet 	1
iâ€™m death 	1
I love wellness insurance so much fun pay $100â€™s a month and then $100â€™s for BASIC checkup services that someway arenâ€™t cover. #US 	1
Old people donâ€™t merit right 	1
hot girl have tree determine dent in their rear bumper â¤ï¸ 	1
oh besides, my vocal with my center school fellow was â€œ143â€ by bobby Brackins!! i truly peak geez 	1
I pick following twelvemonth's musical already...Electro city. obvious pick. 	1
I just saw the flatness Hancock picture and now Iâ€™m frighten that in ten years clip he volition ascent out my television 	1
everyone say a supplication to the insurance God that they okay my bosom proctor so that i may proceed to have the privilege of beingness live. i love the US wellness attention system 	1
Why are toddler let in populace space 	1
How Nice of tonsillitis to articulation me on my vacation ğŸ–•ğŸ»ğŸ–•ğŸ»ğŸ–•ğŸ»ğŸ–•ğŸ» 	1
delay what the fucking that solo yolo is mad? 	1
I circumstantially make butter when try to whip pick this morn and I think thatâ€™s a great representation of how Iâ€™ve reach my capacity for workings from place 	1
possibly if I watch suit in twelvemonth 12 Iâ€™d be perusal law rn 	1
volition never understand why ppl do methamphetamine,, just buy a crap MT of incense in majority stupe 	1
Ahhh I get to listen to a cement sociable all day. amazing. 	1
You know the one thing I truly wishing I could see? I privation a pier Morgan esque interview with #LilleeJean where she's coerce to explicate her icky behavior and see if she storm off or semen up with some BS to brand her expression cunning and innocent. It'd be a fun ticker. 	1
wow, ok, unfollowing now. Was a big fan of putt your left leg in, but just hear astir pickings your left leg out 	1
lone poster selfieâ€™s?? On YOUR own Instagram history?? crazy right 	1
do people with clear tegument feel accomplish?? superordinate??? comfy in their own tegument???? whatâ€™s that like lmfao 	1
So Nice of my household to determine that Iâ€™m host a motherâ€™s Day brunch for everyone at my house. HTTP://t.co/DWZI9ltALK 	1
yo @claires do yall do hysterectomy? 	1
@JacobWohlReport Do I demand to aquire a wife earlier this happen or volition I be delegate one? 	1
I get a lot of boy who shout wolf vibraphone from the Red cross and their exigency blood deficit all the clip 	1
update: retention custody with your mom and walk about campus besides show you're fix for the independency college offer 	1
I mightiness be trash at drive, and have a LE than leading calling, but Iâ€™m truly good at devising Spanish omelet. So, you know, thereâ€™s that. 	1
